武汉,湖北
遵义,贵州
成都,四川
苏州,江苏
民权,河南
东莞,广东
兰州,甘肃
阜新,辽宁
日照,山东
抚顺,辽宁
鹤岗,黑龙江
龙口,山东
凉山,四川
福清,福建
定西,甘肃
永康,浙江
北京,北京
上杭,福建
南宁,广西
吉林,吉林
广州,广东
瓦房店,辽宁
淄博,山东
乌鲁木齐,新疆
温州,浙江
合肥,安徽
清远,广东
深圳,广东
三河,河北
南通,江苏
乌兰察布,内蒙古
德阳,四川
宜宾,四川
吉安,江西
新津县,四川
重庆,重庆
蓬莱,山东
聊城,山东
寿光,山东
射阳,江苏
长清区,山东
铜梁,重庆
沈阳,辽宁
常州,江苏
新沂,江苏
中宁县,宁夏
缙云,浙江
莱州,山东
长春,吉林
佛山,广东
上海,上海
瑞昌,江西
大连,辽宁
昌乐,山东
郑州,河南
中山,广东
咸宁,湖北
慈溪,浙江
都江堰,四川
阜阳,安徽
廊坊,河北
哈尔滨,黑龙江
常熟,江苏
胶州,山东
滕州,山东
衢州,浙江
徐州,江苏
涪陵,重庆
珠海,广东
牡丹江,黑龙江
公安,山东
汕头,广东
南京,江苏
锦州,辽宁
分宜,江西
株洲,湖南
西安,陕西
无锡,江苏
新密,河南
溧水区,江苏
新郑,河南
烟台,山东
江门,广东
潜江,湖北
杭州,浙江
南充,四川
长沙,湖南
青岛,山东
兴国县,江西
宜昌,湖北
秦皇岛,河北
顺德,广东
呼和浩特,内蒙古
惠州,广东
延边,吉林
太原,山西
浦江,浙江
益阳,湖南
金华,浙江
九江,江西
本溪,辽宁
周口,河南
西宁,青海
葫芦岛,辽宁
睢宁,江苏
淮安,江苏
安宁,云南
绵阳,四川
锡林郭勒,内蒙古
临汾,山西
襄阳,湖北
岳阳,湖南
天津,天津
乐清,浙江
温岭,浙江
仙桃,湖北
咸阳,陕西
原平,山西
盘锦,辽宁
冷水江,湖南
焦作,河南
广安,四川
通化,吉林
北海,广西
广元,四川
黄冈,湖北
曹妃甸,河北
罗定市,广东
丹东,辽宁
临颍,河南
宁波,浙江
南安,福建
宿迁,江苏
六安,安徽
南阳,河南
湖州,浙江
常德,湖南
福州,福建
凤城,辽宁
郴州,湖南
湛江,广东
银川,宁夏
昆明,云南
莆田,福建
郯城,山东
惠东,广东
厦门,福建
即墨,山东
连云港,江苏
英德,广东
海门,江苏
丹阳,江苏
赣州,江西
齐齐哈尔,黑龙江
营口,辽宁
漳州,福建
肥城,山东
博兴,山东
江阴,江苏
孝感,湖北
唐山,河北
邯郸,河北
大庆,黑龙江
永新,江西
内江,四川
黔东南,贵州
安溪,福建
景德镇,江西
禹州,河南
南昌,江西
湘潭,湖南
安陆市,湖北
天水,甘肃
运城,山东
莱西,山东
崇左,广西
扬州,江苏
怀化,湖南
上饶,江西
遂宁,四川
利川,湖北
嘉兴,浙江
张家港,江苏
凤台,安徽
东营,山东
邹城,山东
抚州,江西
沭阳,江苏
白银,甘肃
石家庄,河北
原阳,河南
泸州,四川
云阳,重庆
黔西南,贵州
蚌埠,安徽
金昌,甘肃
溧阳,江苏
嫩江县,黑龙江
潍坊,山东
温县,河南
象山,浙江
阳泉,山西
新余,江西
泰安,山东
天门,湖北
三明,福建
包头,内蒙古
海口,海南
邵阳,湖南
海西,青海
许昌,河南
雅安,四川
长丰县,安徽
贵阳,贵州
开州区,重庆
宝鸡,陕西
贵港,广西
大荔,陕西
济源,河南
吴忠,宁夏
东台,江苏
马鞍山,安徽
平顶山,河南
滁州,安徽
如东,江苏
奉化,浙江
仙游县,福建
麻城,湖北
双城,黑龙江
鹤壁,河南
梁平,重庆
宜春,江西
南川,重庆
诸城,山东
梅州,广东
登封,河南
龙泉,浙江
忻州,山西
启东,江苏
化州,广东
攀枝花,四川
怒江,云南
庐江县,安徽
商洛,陕西
宾阳,广西
太仓,江苏
东港,辽宁
驻马店,河南
汨罗,湖南
济南,山东
肥西县,安徽
莱阳,山东
永安,福建
宁海,浙江
廉江,广东
自贡,四川
泰州,江苏
榆树市,吉林
韶关,广东
台州,浙江
宿州,安徽
天台,浙江
苍南,浙江
广饶,山东
青阳县,安徽
常宁市,湖南
安阳,河南
荣昌区,重庆
博罗县,广东
云浮,广东
临泉县,安徽
朔州,山西
醴陵,湖南
文山,云南
毕节,贵州
大同,山西
台前,河南
张家界,湖南
肇庆,广东
洪洞,山西
百色,广西
高安,江西
乐山,四川
海宁,浙江
诸暨,浙江
镇江,江苏
铜仁,贵州
光山县,河南
当阳,湖北
芜湖,安徽
吴江,江苏
恩施,湖北
澧县,湖南
大石桥,辽宁
衡阳,湖南
嘉善,浙江
儋州,海南
义乌,浙江
信宜,广东
昆山,江苏
洛阳,河南
曲靖,云南
任丘,河北
万州,重庆
阳江,广东
达州,四川
凤翔县,陕西
耒阳,湖南
鞍山,辽宁
四平,吉林
邳州,江苏
鹰潭,江西
梧州,广西
遂川,江西
宁德,福建
三亚,海南
蒙自市,云南
平阳,浙江
广汉,四川
嘉峪关,甘肃
巢湖,安徽
大竹,四川
临沂,山东
桐乡,浙江
安庆,安徽
满洲里,内蒙古
庆阳,甘肃
绍兴,浙江
怀仁,山西
吕梁,山西
沙县,福建
铁岭,辽宁
泗阳,江苏
北碚,重庆
湘西,湖南
巴中,四川
荆门,湖北
张家口,河北
眉山,四川
邢台,河北
集美,福建
龙岩,福建
淮北,安徽
凯里,贵州
海林,黑龙江
桐庐,浙江
渭南,陕西
万宁,海南
商丘,河南
酒泉,甘肃
钦州,广东
鹿泉,河北
潢川县,河南
东海,江苏
朝阳,辽宁
萍乡,江西
利辛,安徽
鸡西,黑龙江
长兴,浙江
庄河,辽宁
新乡,河南
如皋,江苏
绵竹,四川
濮阳,河南
辽阳,辽宁
信丰,江西
酉阳土家族苗族自治县,重庆
大丰,江苏
龙游,浙江
随州,湖北
福安,福建
新昌,浙江
娄底,湖南
迁安,河北
灵宝,河南
玉林,广西
仁寿,四川
莒南,山东
滨州,山东
定远县,安徽
江油,四川
赤峰,内蒙古
海东,青海
砀山,安徽
鄱阳,江西
南部县,四川
石河子,新疆
盐城,江苏
泰和县,江西
安福,江西
鲁山,河南
茂名,广东
长治,山西
吴川,广东
安顺,贵州
洮南,吉林
桦甸,吉林
十堰,湖北
舟山,浙江
佳木斯,黑龙江
鄂州,湖北
桂林,广西
赣榆,江苏
浏阳,湖南
河源,广东
济宁,山东
扶风,陕西
桐城,安徽
威海,山东
晋江市,福建
永州,湖南
泉州,福建
婺源,江西
宣威,云南
垦利,山东
宝丰,河南
凤凰,湖南
黄石,湖北
红河,云南
菏泽,山东
磐石,吉林
兰溪,浙江
旺苍县,四川
南平,福建
武平县,福建
泾县,安徽
邵东,湖南
淮南,安徽
保定,河北
普宁,广东
开阳,贵州
阆中,四川
枣庄,山东
柳州,广西
四会,广东
长乐,福建
揭阳,广东
高邮,江苏
丰都,重庆
开封,河南
涟水,江苏
大理,云南
宜城,湖北
海盐,浙江
德清,浙江
高州,广东
建德,浙江
蒙阴,山东
电白,山东
枣阳,湖北
藁城,河北
闽侯县,福建
伊春,黑龙江
灯塔,辽宁
建湖,江苏
玉树,青海
武夷山,福建
常山,浙江
三台县,四川
黄山,安徽
夏津,山东
三门峡,河南
舞阳,河南
临沭,山东
余姚,浙江
玉山,江西
户县,陕西
宜兴,江苏
建阳,福建
平湖,浙江
琼海,海南
公主岭,吉林
绥化,黑龙江
青田,浙江
栾川,河南
长汀,福建
漯河,河南
巩义,河南
丽水,浙江
宁乡,湖南
拉萨,西藏
中江县,四川
靖边,陕西
东方,海南
太和,安徽
永川,重庆
资阳,四川
靖江,江苏
上虞,浙江
简阳,四川
大邑,四川
寿县,安徽
西平,河南
偃师,河南
桃源,湖南
巴彦淖尔,内蒙古
中牟,河南
福鼎市,福建
容县,广西
南雄,广东
丰城,江西
江都,江苏
兖州,山东
南陵,安徽
汉中,陕西
遂昌,浙江
沧州,河北
萧县,安徽
阎良,陕西
鄂尔多斯,内蒙古
肥东县,安徽
灌云,江苏
青州,山东
玉溪,云南
敦化,吉林
营山县,四川
枝江,湖北
永嘉县,浙江
新民,辽宁
信阳,河南
白山,吉林
张掖,甘肃
和县,安徽
句容,江苏
同安,福建
丽江,云南
乐平,江西
安康,陕西
黔南,贵州
汾阳,山西
阿坝,四川
开平,广东
泰兴,江苏
台山,广东
佛冈,广东
海伦市,黑龙江
桂平,广西
石门,湖南
平潭,福建
潮州,广东
平度,山东
德州,山东
沁阳,河南
明光,安徽
溆浦,湖南
泸县,四川
兴城,辽宁
商城县,河南
昌邑,山东
延安,陕西
汉南区,湖北
玉环市,浙江
薛城,山东
南和,河北
雷州,广东
峨眉山,四川
泗洪,江苏
防城港,广西
宜都,湖北
呼伦贝尔,内蒙古
安丘,山东
榆林,陕西
睢县,河南
固始县,河南
浠水,湖北
东阳,浙江
安岳,四川
固原,宁夏
广德,安徽
西双版纳,云南
铜陵,安徽
惠阳,广东
崇州,四川
衡水,河北
珲春,吉林
普洱,云南
宣城,安徽
瑞安,浙江
池州,安徽
新洲区,湖北
惠安,福建
金堂,四川
承德,河北
克拉玛依,新疆
平昌县,四川
平山,河北
库尔勒,新疆
金坛,江苏
仪征,江苏
上高,江西
荆州,湖北
兴化,江苏
临朐,山东
霸州,河北
响水,江苏
孟津,河南
晋城,山西
沂水,山东
晋中,山西
修武,河南
合浦县,广西
舒城,安徽
滨海,江苏
璧山,重庆
荣成,山东
射洪,四川
昌吉,新疆
平凉,甘肃
蓝田,陕西
绥中,辽宁
临海,浙江
秀山土家族苗族自治县,重庆
德惠市,吉林
侯马,山西
鹤山,广东
海城,辽宁
尉氏县,河南
盱眙,江苏
石嘴山,宁夏
合川,重庆
京山,湖北
北安市,黑龙江
深州市,河北
通辽,内蒙古
铜川,陕西
长寿,重庆
沅江,湖南
临安,浙江
南郑区,陕西
沛县,江苏
黑河,黑龙江
邹平,山东
巴彦县,黑龙江
蛟河,吉林
遵化,河北
临夏,甘肃
贺州,广西
邓州,河南
富阳,浙江
隆化县,河北
石狮,福建
宁国,安徽
伊宁,新疆
富顺,四川
祁县,山西
固安县,河北
武威,甘肃
应县,山西
丰县,江苏
瑞金,江西
舒兰,吉林
乳山,山东
恩平,广东
米易县,四川
莱芜,山东
高密,山东
天长,安徽
宁远县,湖南
嘉鱼县,湖北
江山,浙江
武陟,河南
兴宁,广东
临潼,陕西
崇明区,上海
监利,湖北
宜丰,江西
定州,河北
牟平,山东
清镇,贵州
孝昌县,湖北
梅河口,吉林
六盘水,贵州
南沙,广东
博爱,河南
介休,山西
松原,吉林
晋州,河北
盘州市,贵州
封丘,河南
临漳,河北
龙海,福建
霍州,山西
苍溪县,四川
舞钢,河南
辉县,河南
隆昌市,四川
罗源县,福建
汕尾,广东
大通,青海
海南州,青海
河池,广西
宁陵,河南
新化,湖南
松滋,湖北
盖州,辽宁
奉新,江西
韩城,陕西
金湖,江苏
北流,广西
磁县,河北
宝应,江苏
涿州,河北
江津,重庆
文昌,海南
大冶,湖北
祁东县,湖南
海沧,福建
兴安盟,内蒙古
白城,吉林
武安,河北
大足区,重庆
綦江,重庆
伊川,河南
邛崃,四川
陆丰,广东
阜宁,江苏
垫江,重庆
阿克苏,新疆
永年,河北
平遥,山西
彭州,四川
泗县,安徽
齐河,山东
隆尧,河北
蒙城,安徽
正定,河北
合江县,四川
孝义,山西
攸县,湖南
鄢陵,河南
忠县,重庆
香河,河北
林州,河南
伊金霍洛旗,内蒙古
高平,山西
沙河,河北
渑池,河南
石柱,重庆
阿城区,黑龙江
长葛,河南
怀宁,安徽
上蔡,河南
汝州,河南
嵊州,浙江
开化,浙江
禹城,山东
林芝,西藏
武义,浙江
陵水,海南
普兰店,辽宁
抚松,吉林
樟树,江西
平阴县,山东
扬中,江苏
什邡,四川
上栗,江西
密山,黑龙江
环县,甘肃
东明县,山东
遂平,河南
青冈县,黑龙江
陵川,山西
高陵,陕西
沙湾,新疆
泊头市,河北
安平,河北
高碑店,河北
霍邱,安徽
宁津,山东
太谷,山西
卫辉,河南
商河,山东
共青城,江西
道县,湖南
武隆县,重庆
平邑,山东
陇南,甘肃
平罗县,宁夏
柘城,河南
镇雄县,云南
高阳,河北
钟祥,湖北
安吉,浙江
灌南,江苏
辛集,河北
博山,山东
南乐,河南
隆回,湖南
达拉特旗,内蒙古
兰考县,河南
滑县,河南
襄城县,河南
亳州,安徽
杞县,河南
社旗,河南
甘南,甘肃
德宏,云南
从化,广东
辽源,吉林
澄迈县,海南
昭通,云南
乐东,海南
宁晋,河北
海安,江苏
漳浦,福建
博白县,广西
荥阳,河南
鱼台县,山东
嘉祥,四川
扶绥县,广西
上林县,广西
海阳,山东
中卫,宁夏
连江,福建
玉田县,河北
屯昌县,海南
资兴市,湖南
鹿邑,河南
老河口,湖北
万荣,山西
迁西县,河北
沂南,山东
湘乡,湖南
繁昌,安徽
洪湖,湖北
招远,山东
项城,河南
和田,新疆
丰宁,河北
涟源市,湖南
古交,山西
新乐,河北
彭水苗族土家族自治县,重庆
安州区,四川
平舆,河南
肃宁县,河北
永济,山西
扎兰屯市,内蒙古
通榆县,吉林
临猗,山西
楚雄,云南
新野,河南
通江县,四川
怀远县,安徽
奉节,重庆
仙居,浙江
定安县,海南
成安,河北
费县,山东
宜良县,云南
澄江县,云南
漳平,福建
长垣,河南
平果,广西
双峰,湖南
沈丘,河南
临沧,云南
吉水县,江西
全椒,安徽
东兴,广西
黄陵县,陕西
东平,山东
保山,云南
霞浦,福建
城固,陕西
汶上,山东
武穴,湖北
调兵山,辽宁
湘阴,湖南
五常市,黑龙江
武鸣,广西
青县,河北
贺兰县,宁夏
无为,安徽
方城,河南
临邑,山东
阳城,山西
虞城,河南
靖西市,广西
乌海,内蒙古
望奎县,黑龙江
通许县,河南
岑溪,广西
威县,河北
建水县,云南
来宾,广西
武当山,湖北
兰陵,山东
阳朔,广西
乐亭,河北
威宁,贵州
梁山,山东
章丘区,山东
田东县,广西
永兴县,湖南
巨野,山东
新田,湖南
新安,河南
茶陵,湖南
盂县,山西
三门,浙江
茌平,山东
赤壁,湖北
邵武,福建
新泰,山东
襄垣,山西
永登县,甘肃
喀什地区,新疆
阳谷,山东
滦县,河北
安化,湖南
江华瑶族自治县,湖南
大悟县,湖北
准格尔旗,内蒙古
集安,吉林
汤阴,河南
连州,广东
淮阳,河南
郓城,山东
西乡,陕西
栾城,河北
平南县,广西
唐河,河南
泌阳,河南
定陶区,山东
辽中,辽宁
嵩明县,云南
息县,河南
文登,山东
阿拉善盟,内蒙古
韶山,湖南
蒲城,陕西
汝城县,湖南
额尔古纳,内蒙古
双鸭山,黑龙江
永丰,江西
潮安,广东
献县,河北
灵石,山西
腾冲,云南
旬阳县,陕西
卢氏县,河南
柘荣,福建
慈利,湖南
深泽县,河北
康县,甘肃
扶沟,河南
华亭,甘肃
无极,河北
陆川县,广西
琼中,海南
郸城,河南
太康县,河南
黄骅,河北
哈密,新疆
清丰,河南
潜山,安徽
眉县,陕西
利津,山东
临清,山东
日喀则,西藏
凌海,辽宁
大洼,辽宁
仁怀,贵州
于都,江西
单县,山东
禄劝彝族苗族自治县,云南
临高县,海南
微山,山东
河间市,河北
武定,云南
织金,贵州
永城,河南
九台,吉林
栖霞,山东
祥云县,云南
辉南,吉林
滦南,河北
宜州区,广西
富源县,云南
庆安县,黑龙江
罗平县,云南
阿荣旗,内蒙古
伊犁,新疆
藤县,广西
宜阳,河南
乌苏,新疆
金沙,贵州
衡山县,湖南
新蔡,河南
临澧,湖南
勐腊县,云南
岐山县,陕西
柳河,吉林
灵丘县,山西
叶县,河南
北镇市,辽宁
通海县,云南
南皮县,河北
淳安,浙江
昌黎,河北
洛宁,河南
神农架,湖北
万载,江西
汝阳,河南
桑植,湖南
绥德县,陕西
井冈山,江西
石林彝族自治县,云南
涉县,河北
孟州,河南
郏县,河南
杨凌,陕西
赵县,河北
承德县,河北
格尔木,青海
东光,河北
芦溪,江西
武冈市,湖南
河津,山西
金乡,山东
范县,河南
宁阳,山东
大厂回族自治县,河北
浚县,河南
嵩县,河南
陕州区,河南
平原,山东
徐闻,广东
内黄,河南
汉阴,陕西
平陆县,山西
寻乌县,江西
瑞丽,云南
江永,湖南
芜湖县,安徽
蓝山,湖南
彬县,陕西
夏邑,河南
河口,云南
阿勒泰,新疆
平江,湖南
神木市,陕西
永宁县,宁夏
淅川,河南
巴州,新疆
庆云,山东
大安市,吉林
淇县,河南
晋宁区,云南
敦煌,甘肃
泗水,山东
曹县,山东
富民,云南
